<?xml version="1.0" encoding="UTF-8"?>
<project-private xmlns="http://www.netbeans.org/ns/project-private/1">
    <editor-bookmarks xmlns="http://www.netbeans.org/ns/editor-bookmarks/2" lastBookmarkId="0"/>
    <open-files xmlns="http://www.netbeans.org/ns/projectui-open-files/2">
        <group>
            <file>file:/C:/Users/Luis%20Felipe/Desktop/ProjetoArcoIris-master/Arco/src/Model/Curriculo.java</file>
            <file>file:/C:/Users/Luis%20Felipe/Desktop/ProjetoArcoIris-master/Arco/src/Model/Evento.java</file>
            <file>file:/C:/Users/Luis%20Felipe/Desktop/ProjetoArcoIris-master/Arco/src/Model/Pessoa.java</file>
            <file>file:/C:/Users/Luis%20Felipe/Desktop/ProjetoArcoIris-master/Arco/src/Model/Psicologo.java</file>
            <file>file:/C:/Users/Luis%20Felipe/Desktop/ProjetoArcoIris-master/Arco/src/Model/DAO/EventoDAO.java</file>
            <file>file:/C:/Users/Luis%20Felipe/Desktop/ProjetoArcoIris-master/Arco/src/Model/DAO/CurriculoDAO.java</file>
            <file>file:/C:/Users/Luis%20Felipe/Desktop/ProjetoArcoIris-master/Arco/src/Model/DAO/PsicologoDAO.java</file>
            <file>file:/C:/Users/Luis%20Felipe/Desktop/ProjetoArcoIris-master/Arco/src/Model/DAO/LoginDAO.java</file>
            <file>file:/C:/Users/Luis%20Felipe/Desktop/ProjetoArcoIris-master/Arco/src/Model/DAO/FaculdadeAtendimentoDAO.java</file>
            <file>file:/C:/Users/Luis%20Felipe/Desktop/ProjetoArcoIris-master/Arco/src/Controller/SignInController.java</file>
            <file>file:/C:/Users/Luis%20Felipe/Desktop/ProjetoArcoIris-master/Arco/src/Model/DAO/Conexao.java</file>
            <file>file:/C:/Users/Luis%20Felipe/Desktop/ProjetoArcoIris-master/Arco/src/Model/DAO/UsuarioDAO.java</file>
            <file>file:/C:/Users/Luis%20Felipe/Desktop/ProjetoArcoIris-master/Arco/src/Model/FaculdadeAtendimento.java</file>
            <file>file:/C:/Users/Luis%20Felipe/Desktop/ProjetoArcoIris-master/Arco/src/Model/Usuario.java</file>
        </group>
    </open-files>
</project-private>
